{"cameraMode":{"drawMode":0,"name":"Shaded","section":"Shading Mode"},"sceneLighting":false,"audioPlay":false,"sceneViewState":{"m_AlwaysRefresh":false,"showFog":true,"showSkybox":true,"showFlares":true,"showImageEffects":true,"showParticleSystems":true,"showVisualEffectGraphs":true,"m_FxEnabled":true},"in2DMode":false,"pivot":{"x":-0.9318488836288452,"y":1.9843322038650513,"z":-2.093851327896118},"rotation":{"x":0.16763484477996827,"y":0.7847890853881836,"z":-0.2409447729587555,"w":0.5459166169166565},"size":0.10328599065542221,"orthographic":false}